Port_Label,Q1 2024_Index_Average_Q1_2023__100_Value,Q2 2024_Index_Average_Q1_2023__100_Value,Q3 2024_Index_Average_Q1_2023__100_Value,Q4 2024_Index_Average_Q1_2023__100_Value
"Albania, Durres",27.37,27.37,34.81,27.37
"Algeria, Algiers",132.13,128.51,129.31,120.94
"Algeria, Annaba",55.97,55.96,57.89,51.58
"Algeria, Arzew",,,,9.83
"Algeria, Bejaia",41.94,42.62,42.98,42.99
"Algeria, Djen Djen",,13.34,18.8,18.72
"Algeria, Ghazaouet",10.72,10.72,10.72,10.72
"Algeria, Mostaganem",19.73,19.09,24.23,19.09
"Algeria, Oran",42.84,55.35,51.09,50.33
"Algeria, Skikda",64.76,62.21,66.6,62.8
"American Samoa, Pago Pago",57.81,57.96,51.86,51.8
"Angola, Cabinda",8.86,8.91,8.91,8.91
"Angola, Lobito",46.96,47.57,46.52,46.52
"Angola, Luanda",118.28,126.45,125.99,133.67
"Angola, Malongo",8.6,8.61,8.61,8.61
"Angola, Namibe",36.88,37.48,36.44,36.43
"Angola, Soyo",28.23,28.25,28.25,28.5
"Antigua and Barbuda, St John's (AG)",45.57,45.62,45.62,45.62
"Argentina, Bahia Blanca",20.01,19.86,19.86,19.86
"Argentina, Buenos Aires",227.7,228.06,222.79,225.88
"Argentina, La Plata",28.52,29.01,28.89,28.89
"Argentina, Mar del Plata",11.12,11.33,19.9,19.89
"Argentina, Puerto Deseado",11.12,11.33,11.33,11.16
"Argentina, Puerto Madryn",13.58,13.43,13.43,13.43
"Argentina, Rosario",35.68,35.73,35.73,35.62
"Argentina, San Antonio Este",,13.65,13.65,
"Argentina, Ushuaia",10.26,10.26,10.26,10.26
"Argentina, Zarate",24.22,24.27,24.27,24.16
"Aruba, Barcadera",11.8,11.8,9.38,9.38
"Aruba, Oranjestad",23,42.11,42.11,41.5
"Australia, Adelaide",112.84,112.95,109.63,107.61
"Australia, Bell Bay",15.3,15.31,15.31,30.25
"Australia, Brisbane",246.39,239.65,235.26,235.77
"Australia, Burnie",18.88,18.88,18.88,18.88
"Australia, Dampier",23.2,23.06,23.06,23.06
"Australia, Darwin",28.65,29.33,29.33,29.33
"Australia, Fremantle",124.66,121.95,121.12,122.11
"Australia, Gladstone",21.82,21.18,21.18,21.18
"Australia, Melbourne",272.14,279.19,270.81,270.79
"Australia, Newcastle",30.91,30.92,21.79,29.55
"Australia, Port Hedland",8.96,14.86,14.86,14.86
"Australia, Port Kembla",10.05,10.05,10.05,10.05
"Australia, Sydney",253.6,257.55,248.57,254.65
"Australia, Townsville",56.57,58.87,58.87,58.83
"Bahamas, Freeport (BS)",179.06,179.91,170.98,179.79
"Bahamas, Nassau",39.69,34.34,34.34,34.34
"Bahrain, Bahrain",66.66,82.59,80.64,121
"Bangladesh, Chittagong",197.26,187.98,178.23,188.37
"Bangladesh, Mongla",28.49,27.63,27.7,27
"Barbados, Bridgetown",83.39,80.07,81.56,80.91
"Belgium, Antwerp",893.22,908.5,915.12,924.64
"Belgium, Ghent",11.25,11.25,11.25,11.25
"Belgium, Zeebrugge",163.54,162.79,169.51,168
"Belize, Belize City",15.27,15.26,15.26,15.26
"Belize, Big Creek",21.41,21.42,21.42,21.42
"Benin, Cotonou",127.16,118.6,121.95,121.28
"Bermuda, Hamilton (BM)",20.03,20.01,20.01,20.01
"Bonaire, Sint Eustatius and Saba, Kralendijk",11.8,11.8,9.38,9.38
"Brazil, Fortaleza",22.87,22.88,22.88,35
"Brazil, Imbituba",31.88,58.65,58.66,93.22
"Brazil, Itajai",,,,79.26
"Brazil, Itapoa",188.05,204.45,207.49,199.83
"Brazil, Macapa",44.79,44.75,44.75,45.78
"Brazil, Manaus",63.2,71.2,71.23,72.9
"Brazil, Navegantes",201.24,172.03,176.11,165.45
"Brazil, Paranagua",232.49,242.54,278.31,261.02
"Brazil, Pecem",126.31,136.25,133.42,135.55
"Brazil, Rio de Janeiro",217.88,215.28,231.35,236.01
"Brazil, Rio Grande",183.75,183.61,174.51,175.06
"Brazil, Salvador",158.55,160.31,183,180.44
"Brazil, Santos",309.06,323.45,352.27,330.35
"Brazil, Sepetiba",61.48,61.52,112.51,84.81
"Brazil, Suape",114.34,116.62,115.92,149.65
"Brazil, Vila do Conde",52.98,52.94,52.94,53.34
"Brazil, Vitoria",22.08,22.01,22.01,22.01
"British Virgin Islands, Tortola",13.5,13.5,13.5,13.5
"Brunei Darussalam, Muara",68.86,67.15,51.94,51.68
"Bulgaria, Bourgas",42.25,46.01,46.28,46.3
"Bulgaria, Varna",60.81,61.19,48.59,48.75
"Cabo Verde, Mindelo",24.04,24.07,24.07,24.07
"Cabo Verde, Palmeira",9.05,9.08,9.08,9.08
"Cabo Verde, Porto Praia",24.04,24.07,24.07,24.07
"Cabo Verde, Sal Rei",17.23,17.25,17.25,17.25
"Cambodia, Sihanoukville",128.19,126.98,127.98,130.64
"Cameroon, Douala",104.14,100.95,95.89,96.26
"Cameroon, Kribi",78.72,71.36,74.46,73.51
"Canada, Argentia",18.98,18.94,18.94,18.94
"Canada, Corner Brook",21.67,22.74,22.74,22.74
"Canada, Halifax",214.46,198.29,196.96,199.39
"Canada, Hamilton (CA)",7.58,7.58,7.58,7.58
"Canada, Montreal",98.39,98.31,96.28,96.28
"Canada, Picton (CA)",9.08,9.08,9.08,9.08
"Canada, Prince Rupert",106.29,95.14,85.12,83.47
"Canada, Saint John",63.85,63.98,63.98,63.99
"Canada, St John's (CA)",38.5,38.67,40.59,40.85
"Canada, Vancouver (CA)",211.58,219.63,206.78,207.5
"Cayman Islands, George Town",18.77,18.77,18.77,18.77
"Chile, Antofagasta",38.82,43.11,42.35,42.35
"Chile, Arica",61.17,61.37,61.25,62.38
"Chile, Chacabuco",11.11,11.1,11.1,11.1
"Chile, Coquimbo",26.89,36.38,26.89,30.13
"Chile, Coronel",119.18,121.03,104.99,105.68
"Chile, Iquique",106.92,107.99,107.99,108.41
"Chile, Lirquen",101.11,113.64,113.53,104.14
"Chile, Mejillones",64.09,51.29,50.41,52.25
"Chile, Puerto Angamos",99.14,100.25,100.88,101.38
"Chile, Puerto Montt",17.59,17.58,17.58,17.58
"Chile, Puerto Natales",7.55,7.55,7.55,7.55
"Chile, Punta Arenas",11.11,11.1,11.1,11.1
"Chile, San Antonio (CL)",201.2,204.4,202.57,197.03
"Chile, San Vicente",47.68,48.54,97.47,97.47
"Chile, Valparaiso",127.57,127.71,133.08,128.05
"China, Caodeidian",17.14,17.13,17.13,17.13
"China, Changshu",20.48,20.62,20.62,20.62
"China, Changzhou",15.25,15.25,15.25,15.25
"China, Da chan Bay",148.58,159.25,175.27,169.89
"China, Dalian",564.61,577.53,570.77,567.85
"China, Dongguan",8.66,17.02,17.02,9.65
"China, Fangcheng",13.15,13.15,13.15,13.15
"China, Fuqing",50.93,39.1,41.62,39.04
"China, Fuzhou",153.1,152.95,137.9,127.13
"China, Haikou",18.31,18.46,18.46,18.46
"China, Hong Kong SAR, Hong Kong",1119.63,1076.12,1072.64,1083.64
"China, Huanghua",18.73,18.45,18.45,18.45
"China, Huangpu",58.35,58.52,38.8,34.76
"China, Huizhou",11.03,11.33,11.33,
"China, Humen",40.32,47.84,47.57,40.51
"China, Jiangyin",24.64,24.68,24.68,24.68
"China, Jiaxing",22.77,22.75,20.23,20.22
"China, Jingtang",34,34.19,34.19,34.19
"China, Jinzhou",40.58,40.6,40.6,40.83
"China, Jiujiang",10.56,10.56,10.56,10.56
"China, Lianyungang",222.25,210.75,201.61,202.28
"China, Nanjing",67.41,74.99,75.05,75.05
"China, Nansha",935.65,942.6,934.73,977.76
"China, Nantong",34.55,34.62,34.62,34.62
"China, Ningbo",1834.32,1856.55,1940.59,2049.78
"China, Qingdao",1258.84,1294.95,1318.53,1358.29
"China, Qinhuangdao",,,14.4,14.42
"China, Qinzhou",196.75,193.56,184.93,182.63
"China, Quanzhou",94.19,116.15,113.75,110.54
"China, Rizhao",135.33,139.83,138.66,127.69
"China, Shanghai",2169.62,2160.52,2258.95,2360.45
"China, Shantou",185.27,184.79,177.68,183.82
"China, Shekou",1068.68,1074.23,1109.55,1156.3
"China, Shidao",22.73,22.75,18.91,18.79
"China, Taicang",214.48,217.37,174.97,175.03
"China, Taiwan Province of, Kaohsiung",883,873.41,881.55,884.27
"China, Taiwan Province of, Keelung",332.62,336.57,335.33,329.81
"China, Taiwan Province of, Taichung",317.99,319.52,282.43,278.77
"China, Taiwan Province of, Taipei",291.3,273.32,278.31,279.86
"China, Taizhou",11.3,11.3,11.3,
"China, Tangshan",17.43,17.43,17.43,17.43
"China, Weifang",23.31,23.14,32.52,32.52
"China, Weihai",37.41,37.42,37.42,37.42
"China, Weitou",,,13.16,13.16
"China, Wenzhou",61.33,61.23,59.15,58.26
"China, Wiehai",11.81,11.81,11.81,11.81
"China, Wuhan",19.08,19.08,19.08,19.08
"China, Xiamen",902.65,891.25,908.03,926.07
"China, Xingang",704.2,707.95,731.38,744.04
"China, Yangpu",52.84,52.81,52.81,65.4
"China, Yantai",158.1,158.16,174.2,165.54
"China, Yantian",790.26,778.78,823.82,837.67
"China, Yingkou",97.54,104.04,96.53,96.53
"China, Zhangjiagang",49.15,49.22,49.28,49.28
"China, Zhangzhou",24.41,24.56,21.99,21.99
"China, Zhanjiang",74.2,74.1,74.02,74.02
"China, Zhapu",9.53,,,
"China, Zhenjiang",11.64,11.64,11.64,11.64
"China, Zhousan",20.87,20.88,20.88,20.88
"China, Zhuhai",74.96,74.9,66.14,66.14
"Christmas Island, Flying Fish Cove",9.1,9.08,9.08,9.08
"Colombia, Barranquilla",81.44,82.13,75.81,75.81
"Colombia, Buenaventura",228.55,228.61,242.06,240.31
"Colombia, Cartagena (CO)",351.78,360.99,359.71,362.44
"Colombia, Leticia",12.2,12.2,12.2,12.2
"Colombia, San Andres",8.45,8.45,8.45,8.45
"Colombia, Santa Marta",124.24,116.87,110.55,110.55
"Colombia, Tolu",12.2,12.2,12.2,12.2
"Colombia, Turbo",76.38,76.61,74.03,73.8
"Comoros, Moroni",20.48,22.05,16.06,16.06
"Comoros, Mutsamudu",25.72,25.73,25.73,25.73
"Congo, Pointe Noire",201.19,206.8,190.45,192.62
"Cook Islands, Aitutaki",11.9,11.96,11.96,11.96
"Cook Islands, Rarotonga",16.57,16.63,16.63,16.63
"Costa Rica, Caldera",73.31,70.26,70.74,71.05
"Costa Rica, Limon",82.74,82.77,84.26,85.33
"Costa Rica, Moin",127.69,157.16,147.15,151.1
"Cote d'Ivoire, Abidjan",226.57,234.83,226.59,232.29
"Cote d'Ivoire, San Pedro (CI)",49.29,52.66,50.92,35.72
"Croatia, Ploce",22.41,21.24,21.24,21.24
"Croatia, Rijeka",128.62,127.01,126.58,124.2
"Cuba, Mariel",50.99,51.03,51.67,52.23
"Cuba, Moa",12.94,13.32,13.32,13.32
"Cuba, Santiago",11.99,12.01,12.01,12.01
"Curacao, Willemstad",46.71,64.55,60.68,60.07
"Cyprus, Limassol",124.31,126.93,129.93,120.13
"Dem. Rep. of the Congo, Banana",15.06,15.06,15.06,15.68
"Dem. Rep. of the Congo, Matadi",47.27,45.61,39.83,36.71
"Denmark, Aalborg",28.93,28.82,28.82,28.93
"Denmark, Aarhus",152.9,153.06,152.63,146.48
"Denmark, Copenhagen",39.27,39.59,50.61,37.77
"Denmark, Fredericia",48.28,51.05,48.45,51.11
"Denmark, Grenaa",12.11,12.11,12.11,12.11
"Denmark, Hirtshals",8.62,8.62,8.62,8.62
"Denmark, Hundested",12.11,12.11,12.11,12.11
"Denmark, Kalundborg",28.23,24.76,29.65,11.8
"Djibouti, Djibouti",152.37,156.41,168.46,167.19
"Dominica, Roseau",43.02,43.09,43.09,43.09
"Dominican Republic, Caucedo",246.72,235.3,241.64,221.96
"Dominican Republic, Manzanillo (DO)",14.92,14.93,14.93,14.93
"Dominican Republic, Puerto Plata",21.04,21.05,27.55,27.55
"Dominican Republic, Rio Haina",117.33,118.54,118.68,117.29
"Ecuador, Guayaquil",224.88,221.3,219.37,217.56
"Ecuador, Posorja",139.63,140.66,140.53,140.43
"Ecuador, Puerto Bolivar (EC)",110.77,98.41,89.9,85.42
"Egypt, Abu Qir",19.71,20.16,20.16,
"Egypt, Adabiya",15.65,15.68,15.68,15.68
"Egypt, Alexandria",343.4,338.7,316.87,329.09
"Egypt, Damietta",252.28,220.66,195.69,217.75
"Egypt, El Dekheila",126.69,135.3,126.13,104.15
"Egypt, El Sokhna",105.52,125.12,140.6,137.06
"Egypt, Port Said",273.05,287.61,289.94,317.39
"El Salvador, Acajutla",56.82,52.94,48.4,48.63
"Equatorial Guinea, Bata",50.21,49.68,49.64,49
"Equatorial Guinea, Malabo",61.96,61.45,61.41,60.79
"Eritrea, Massawa",13.74,13.84,11.43,11.43
"Estonia, Paldiski",26.8,25.53,25.53,25.53
"Estonia, Tallinn",49.81,55.35,57.7,57.84
"Faroe Islands, Runavik",14.51,14.51,14.51,14.51
"Faroe Islands, Torshavn",37.87,37.87,37.87,37.87
"Fiji, Lautoka",83.84,87.9,88.98,89.54
"Fiji, Suva",91.72,89.57,91.29,91.25
"Finland, Hanko",21.28,20.01,20.65,20.65
"Finland, Helsinki",79.1,75.44,76.35,76.45
"Finland, Kokkola (Karleby)",10.37,10.37,13.8,13.8
"Finland, Kotka",91.99,99.71,107.09,102.17
"Finland, Oulu",10.37,19.06,22.5,23.67
"Finland, Pietarsaari (Jakobstad)",12.81,12.81,12.81,12.81
"Finland, Rauma",77.3,72.92,72.92,87.28
"Finland, Tornio",10.7,20.45,20.45,21.63
"Finland, Turku",12.11,12.11,12.11,12.11
"Finland, Valkom (Valko)",12.82,12.82,12.82,12.82
"France, Bassens",11.16,11.16,11.16,11.16
"France, Brest",20.27,20.89,19.22,19.41
"France, Dunkirk",172.13,196.93,183.8,188.59
"France, Fecamp",8.49,8.49,8.49,8.49
"France, Fos",296.25,295.29,316.63,304.32
"France, La Pallice",10.89,10.9,10.9,10.9
"France, Le Havre",476.34,469.64,453.24,459.61
"France, Marseilles",87.38,84.3,91.95,91.81
"France, Montoir",81.16,77.28,76.66,72.98
"France, Port Vendres",9.86,12.37,12.37,12.37
"France, Radicatel",12.54,12.56,12.56,12.56
"France, Rouen",17.38,17.39,17.39,17.39
"French Guiana, Degrad des Cannes",28.85,31.46,31.46,31.46
"French Polynesia, Bora Bora",5.9,5.98,5.98,5.98
"French Polynesia, Papeete",84.26,85.23,85.22,83.83
"Gabon, Libreville",57.63,52.56,52.42,48.65
"Gabon, Port Gentil",43.97,44.32,44.32,44.26
"Gambia, Banjul",25.84,26.58,33.06,26.3
"Georgia, Batumi",32.39,37.91,29.67,29.67
"Georgia, Poti",43.76,43.75,47.24,47.27
"Germany, Bremen",11.42,11.42,11.2,11.2
"Germany, Bremerhaven",430.09,449.27,426.75,450.74
"Germany, Cuxhaven",14.51,14.51,14.51,14.51
"Germany, Emden",9.64,9.64,9.64,9.64
"Germany, Hamburg",643.03,644,655.95,663.94
"Germany, Lubeck",38.55,37.84,30.42,30.42
"Germany, Rostock",7.42,7.42,7.42,7.42
"Germany, Travemunde",15.31,14.04,14.04,14.04
"Germany, Wilhelmshaven",184.29,197.94,201.61,203.66
"Germany, Wismar",7.59,7.59,7.59,7.59
"Ghana, Takoradi",32.07,32.31,33.08,33.13
"Ghana, Tema",217.65,255.58,245.18,257.42
"Gibraltar, Gibraltar",,,,14.95
"Greece, Heraklion",10.68,10.61,10.89,10.89
"Greece, Piraeus",476.56,423.87,437.02,450.2
"Greece, Thessaloniki",126.92,124.17,105.04,111.82
"Greece, Volos",10.68,10.61,10.89,10.89
"Greenland, Nuuk",24.84,24.86,24.86,24.86
"Greenland, Sisimiut",7.88,8.07,8.07,8.07
"Grenada, St George's",46.35,42.54,42.54,42.54
"Guadeloupe, Gustavia",7.9,7.9,7.9,7.9
"Guadeloupe, Marigot",7.9,7.9,7.9,7.9
"Guadeloupe, Pointe-a-Pitre",78.44,78.93,78.88,87.9
"Guam, Apra",42.45,42.51,42.51,42.51
"Guam, Piti",15.35,15.36,15.36,15.36
"Guatemala, Puerto Barrios",87.06,74.97,72.52,71.84
"Guatemala, Puerto Quetzal",158.5,149.82,149.85,156.05
"Guatemala, Santo Tomas de Castilla",104.16,94.63,94.62,94.63
"Guernsey, St Peter Port",11.12,11.12,,
"Guinea, Conakry",63.15,61.14,52.48,46.54
"Guinea-Bissau, Bissau",35.79,35.85,34.05,34.73
"Guyana, Georgetown (GY)",79,86.22,89.23,89.28
"Haiti, Cap Haitien",32.02,34.25,34.25,21.4
"Haiti, Laffiteau",29,30.73,30.73,33.58
"Haiti, Port-au-Prince",55.64,55.69,54.85,54.85
"Honduras, Puerto Castilla",30.64,30.67,30.67,30.67
"Honduras, Puerto Cortes",156.2,137.98,135,134.34
"Honduras, Roatan I",8.31,8.31,8.31,8.31
"Honduras, San Lorenzo",22.71,22.89,22.89,23.04
"Iceland, Akureyri",19.59,19.59,19.59,19.59
"Iceland, Grundarfjordur, Sanafellness",30.55,30.48,30.48,30.48
"Iceland, Husavik",11.1,11.1,11.1,11.1
"Iceland, Isafjordur",19.59,19.59,19.59,19.59
"Iceland, Reydharfjordur",38.66,38.66,38.66,38.66
"Iceland, Reykjavik",56.94,56.94,56.94,56.94
"Iceland, Saudarkrok",19.59,19.59,19.59,19.59
"Iceland, Thorlakshofn",12.42,12.42,12.42,12.42
"Iceland, Vestmannaeyjar",22.45,22.46,22.46,22.46
"Iceland, Vopnafjordur",12.27,12.27,12.27,12.27
"India, Chennai",151.95,156.91,161.98,172.41
"India, Cochin",128.6,129.6,132.59,125.48
"India, Ennore",92.13,91.91,98.32,97.95
"India, Haldia",33.53,33.72,33.75,52.9
"India, Hazira",157.15,148.86,167.19,160.3
"India, Kandla",93.15,86.39,100.84,100.25
"India, Kattupalli",132.38,135.31,138.9,145.86
"India, Kolkata (Calcutta)",112.42,95.62,98.33,92.53
"India, Krishnapatnam",44.06,41.44,41.44,28.58
"India, Mangalore",39.73,36.99,46.5,61.88
"India, Mumbai",12.67,12.67,12.67,12.67
"India, Mundra",566.45,608.33,600.59,629.96
"India, New Mangalore",12.23,,,
"India, Nhava Sheva",576.51,614.7,588.88,602.71
"India, Paradip",12.83,19.69,19.69,19.47
"India, Pipavav",156.82,155.96,154.17,161.79
"India, Port Blair",10.72,10.72,10.72,10.72
"India, Tuticorin",85.56,79.56,79.26,85.3
"India, Visakhapatnam",147.32,154.61,158.74,144.07
"India, Vizhinjam",,,,14.39
"Indonesia, Ambon",29.33,29.47,29.47,29.47
"Indonesia, Balikpapan",28.71,28.76,28.76,28.76
"Indonesia, Banjarmasin",26.48,20.51,20.51,20.51
"Indonesia, Batam Island",13.95,26.56,26.58,26.58
"Indonesia, Batu Ampar",15.44,15.31,15.31,15.31
"Indonesia, Belawan",136.89,135.93,136.44,151.61
"Indonesia, Benete Bay",13.85,13.85,13.85,13.85
"Indonesia, Bengkulu",9.97,9.97,9.97,9.97
"Indonesia, Biak",9.7,9.7,9.7,9.7
"Indonesia, Bitung",43.19,43.23,43.23,43.23
"Indonesia, Gorontalo",18.54,18.53,18.53,18.53
"Indonesia, Jakarta",489.71,482.09,491.92,487.11
"Indonesia, Jayapura",30.28,30.42,30.42,30.42
"Indonesia, Kendari",15.39,15.4,15.4,15.4
"Indonesia, Kumai",7.67,6.95,6.95,6.95
"Indonesia, Kupang",15.52,15.52,15.52,15.52
"Indonesia, Lembar",7.93,7.93,7.93,7.93
"Indonesia, Luwuk",8.28,8.28,8.28,8.28
"Indonesia, Makassar",103.81,104.22,103.58,103.58
"Indonesia, Manokwari",9.08,9.08,9.08,9.08
"Indonesia, Maumere",8.9,8.9,8.9,8.9
"Indonesia, Medan",17.96,18.02,18.02,18.02
"Indonesia, Merauke",7.26,7.26,7.26,7.26
"Indonesia, Padang",35.36,33.86,33.86,33.86
"Indonesia, Palembang",28.16,26.66,26.66,26.66
"Indonesia, Panjang",56.69,56.7,49.43,38.56
"Indonesia, Pantoloan",21.78,21.78,21.78,21.78
"Indonesia, Pekanbaru, Sumatra",8.53,8.53,8.53,8.53
"Indonesia, Perawang",8.62,8.62,8.62,8.62
"Indonesia, Pontianak",36.83,31.06,31.06,31.06
"Indonesia, Samarinda",28.02,28.02,28.02,28.02
"Indonesia, Semarang",112.18,118.26,131.88,121.11
"Indonesia, Sibolga",8.54,8.54,8.54,8.54
"Indonesia, Sorong",24.31,24.45,24.45,24.45
"Indonesia, Surabaya",359.2,367.24,360.47,354.13
"Indonesia, Tarakan",8.63,8.63,8.63,8.63
"Indonesia, Ternate",9.34,9.34,9.34,9.34
"Indonesia, Timika",7.26,7.26,7.26,7.26
"Indonesia, Tolitoli",7.16,7.16,7.16,7.16
"Iran (Islamic Republic of), Asaluyeh",7.18,7.18,7.18,7.18
"Iran (Islamic Republic of), Bandar Abbas",127.11,119.67,120.97,120.97
"Iran (Islamic Republic of), Bandar Assaluyeh",12.33,12.41,12.41,12.41
"Iran (Islamic Republic of), Bandar Imam Khomeini",14.29,14.29,14.29,14.29
"Iran (Islamic Republic of), Bushehr",15.54,15.55,15.55,15.55
"Iran (Islamic Republic of), Chah bahar",10.81,10.89,10.89,10.89
"Iran (Islamic Republic of), Khorramshahr",7.52,7.54,7.54,7.54
"Iraq, Abu al Fulus",9.46,9.48,9.48,9.48
"Iraq, Umm Qasr",166.33,171.14,178.88,188.4
"Ireland, Cork",83.67,82.95,74.85,76.12
"Ireland, Dublin",116.69,127.9,133.25,141.9
"Ireland, Waterford",14.44,12.28,12.28,12.28
"Israel, Ashdod",214.06,211.32,185.7,183.42
"Israel, Haifa",207.9,205.26,183.14,184.54
"Italy, Ancona",82.36,79.22,77.98,78.06
"Italy, Augusta",,21.29,21.52,21.52
"Italy, Bari",18.91,19.09,19.09,19.09
"Italy, Cagliari",27.1,26.08,26.09,26.09
"Italy, Catania",35.97,19.37,19.37,19.37
"Italy, Civitavecchia",93.05,85.9,85.73,85.73
"Italy, Genoa",425.25,418.25,411.65,415.87
"Italy, Gioia Tauro",313.85,314.86,315.94,317.81
"Italy, La Spezia",248.11,260.15,262.3,255.2
"Italy, Leghorn",169.31,165.28,166.44,156.05
"Italy, Marina di Carrara",27.29,26.54,26.54,26.54
"Italy, Naples",140.69,128.18,131.14,130.91
"Italy, Olbia",9.94,9.94,9.94,9.94
"Italy, Palermo",22.28,21.27,21.27,21.27
"Italy, Porto Marghera",15.81,15.82,15.82,15.82
"Italy, Pozzallo",10.96,11.12,11.12,11.12
"Italy, Ravenna",80.18,77.08,83.23,83.23
"Italy, Salerno",191.54,197.03,184.89,184.81
"Italy, Savona",13.4,21.87,22.5,22.5
"Italy, Taranto",31.55,31.54,19.63,20.03
"Italy, Trapani",22.38,24.51,25.24,25.24
"Italy, Trieste",158.36,154.56,156.04,158.56
"Italy, Vado Ligure",70.86,81.06,86.45,86.45
"Italy, Venice",113.01,106.79,112.27,106.31
"Jamaica, Kingston (JM)",295.52,300.78,309.87,304.81
"Jamaica, Montego Bay",18.22,16.71,20.35,25.13
"Japan, Aburatsu",14.83,14.83,14.83,14.83
"Japan, Akita",52.49,52.33,52.32,52.33
"Japan, Chiba",54.7,45.17,45.17,45.17
"Japan, Fukuyama",75,75.06,75.06,75.06
"Japan, Hachinoe",41.37,41.43,41.43,41.53
"Japan, Hakata",273.08,287.06,274.4,274.41
"Japan, Hamada",19.15,19.15,19.15,19.15
"Japan, Hibikishinko",34.65,38.57,38.57,38.57
"Japan, Hiroshima",111.65,111.72,120.41,120.41
"Japan, Hitachi",9.27,9.27,9.27,9.27
"Japan, Hitachinaka",55.7,55.67,56.33,56.41
"Japan, Hososhima",60.51,60.73,53.95,53.95
"Japan, Imabari",37.33,37.32,37.32,37.32
"Japan, Imari",49.7,49.76,49.76,49.76
"Japan, Ishikariwan Shinko",32.12,32.11,32.11,32.11
"Japan, Iwakuni",46.68,46.69,46.69,46.69
"Japan, Iyomishima",40.35,40.35,40.35,40.35
"Japan, Kanazawa",74.5,68.46,68.5,68.5
"Japan, Kashima",26.12,26.17,26.17,26.28
"Japan, Kawasaki",102.91,102.9,94.09,94.11
"Japan, Kitakyushu/Hibiki",41.28,41.31,41.31,41.31
"Japan, Kobe",577.76,571.71,559.77,561.61
"Japan, Kochi",29.01,29.76,22.23,22.23
"Japan, Kumamoto",11.55,11.55,11.55,11.55
"Japan, Kushiro",16.83,16.83,16.83,16.83
"Japan, Maizuru",37.36,37.42,37.42,37.52
"Japan, Matsuyama",60.7,60.96,61.03,61.03
"Japan, Miike",9.55,9.55,9.55,9.55
"Japan, Mitajiri",12.44,12.44,12.44,12.44
"Japan, Mizushima",95.64,95.7,95.77,95.77
"Japan, Moji",221.16,240.62,250.8,250.75
"Japan, Muroran",16.83,16.83,16.83,16.83
"Japan, Nagasaki",11.55,11.55,11.55,11.55
"Japan, Nagoya",527.67,542.6,521.25,525.31
"Japan, Naha",70.95,70.99,70.71,67.24
"Japan, Nakanoseki",10.52,10.52,10.52,10.52
"Japan, Naoetsu",23.75,23.74,23.74,23.74
"Japan, Niigata",71.96,71.95,71.98,71.99
"Japan, Oita",59.2,59.51,59.51,59.51
"Japan, Omaezaki",24.97,24.54,22.5,22.65
"Japan, Onahama",18.46,18.46,18.46,18.46
"Japan, Osaka",470.1,460.83,427.39,424.26
"Japan, Otake",7.85,7.85,7.85,7.85
"Japan, Otaru",13.98,13.98,13.98,13.98
"Japan, Sakaiminato",52.3,52.31,52.31,52.39
"Japan, Sakata",30.34,30.38,30.38,30.48
"Japan, Senboku",11.74,11.74,23,23.28
"Japan, Sendai",76.39,76.38,76.38,76.46
"Japan, Shibushi",62.04,62.25,62.25,62.25
"Japan, Shimizu",229.39,228.94,227.23,227.21
"Japan, Shimonoseki",10.09,9.96,11.13,11.13
"Japan, Takamatsu",60.34,60.4,60.4,60.4
"Japan, Tokushima",22.87,22.87,22.87,22.87
"Japan, Tokuyama",92.98,93.05,89.47,89.44
"Japan, Tokyo",593.47,583.87,576.72,574.78
"Japan, Tomakomai",77.24,78.03,78.25,78.26
"Japan, Toyama Shinko",56.84,56.82,56.86,64.48
"Japan, Toyohashi",19.7,19.7,19.7,26.52
"Japan, Tsuruga",33.52,33.52,33.52,33.52
"Japan, Ube",9.11,9.11,9.11,9.11
"Japan, Yatsushiro",31.58,31.88,31.88,31.88
"Japan, Yokkaichi",134.04,134.23,135.96,135.5
"Japan, Yokohama",728.78,719.33,711.39,711.01
"Jersey, St Helier",11.12,11.12,,
"Jordan, Aqaba",111.86,144.25,130.1,186.21
"Kenya, Mombasa",153.58,151.47,164.26,160.24
"Kiribati, Betio",26.48,26.01,26.01,25.97
"Kuwait, Shuaiba",57.22,64.31,64.23,64.23
"Kuwait, Shuwaikh",68.74,73.17,73.71,73.71
"Latvia, Liepaja",16.88,16.88,8.82,8.82
"Latvia, Riga",100.16,98.91,99.07,92.98
"Lebanon, Beirut",248.61,187.71,178.52,173.2
"Lebanon, Tripoli (LB)",103.06,84.39,67.44,74.59
"Liberia, Monrovia",48.04,38.66,36.91,36.36
"Libya, Benghazi",56.65,49.43,73.54,78.98
"Libya, Khoms",34.88,43.67,44.26,43.56
"Libya, Misurata",117.2,113.48,118.79,129.29
"Libya, Tripoli (LY)",51.31,55.1,66.49,58.64
"Lithuania, Klaipeda",160.84,165.5,170.69,188.94
"Madagascar, Antsiranana",17.12,20.8,16.75,16.75
"Madagascar, Ehoala",15.5,15.51,15.51,15.51
"Madagascar, Mahajanga",24.08,27.76,23.71,23.71
"Madagascar, Nosy Be",10.48,10.49,10.49,10.49
"Madagascar, Toamasina",40.25,43.46,50.02,46.57
"Madagascar, Toliary",15.5,15.51,15.51,15.51
"Malaysia, Bintulu",56.75,55.73,57.25,56.99
"Malaysia, Kota Kinabalu",61.03,60.04,60.93,60.67
"Malaysia, Kuantan",61.86,72.46,68.96,75.81
"Malaysia, Kuching",49.76,49.33,49.29,49.2
"Malaysia, Labuan",25.28,25.38,25.38,25.38
"Malaysia, Pasir Gudang",181.16,156.44,153.92,162.91
"Malaysia, Penang",185.45,177.12,160.8,154.98
"Malaysia, Port Klang",1036.71,1031,1057.74,1076.96
"Malaysia, Sandakan",7.77,30.5,7.77,7.77
"Malaysia, Sibu",13.96,8.67,8.67,8.67
"Malaysia, Tanjung Pelepas",561.02,578.49,577.76,562.52
"Malaysia, Tawau",38.28,17.96,36.76,36.76
"Maldives, Addu",6.87,,,
"Maldives, Koodoo",6.87,,,
"Maldives, Male",36.57,32.96,35.35,39.16
"Malta, Marsaxlokk",279.1,250.03,252.21,237.73
"Malta, Valletta",11.47,11.47,11.47,11.47
"Marshall Islands, Kwajalein",13.75,13.75,13.75,13.75
"Marshall Islands, Majuro",38.97,39.11,39.11,39.11
"Martinique, Fort de France",75.44,71.85,71.8,73.16
"Mauritania, Nouadhibou",34.99,35.16,35.24,34.93
"Mauritania, Nouakchott",60.94,52.7,52.18,51.87
"Mauritius, Port Louis",152.33,154.05,136.37,183.71
"Mauritius, Port Mathurin",7.78,7.78,7.78,7.78
"Mayotte, Longoni",35.63,35.02,32.6,32.6
"Mexico, Altamira",194.98,189.79,181.11,181.04
"Mexico, Coatzacoalcos",9.72,9.66,9.66,9.66
"Mexico, Ensenada",94.04,104.13,110.78,117.3
"Mexico, Guaymas",9.65,9.65,9.65,9.65
"Mexico, Lazaro Cardenas",230.55,217.32,266.46,253.88
"Mexico, Manzanillo (MX)",254.57,263.16,289.51,265.46
"Mexico, Mazatlan",29.87,29.88,9.65,9.65
"Mexico, Progreso",74.2,74.27,72.55,73.19
"Mexico, Puerto Chiapas",16.29,16.31,16.31,16.31
"Mexico, Puerto Morelos",8.04,8.04,8.04,8.04
"Mexico, Tampico",18.87,18.88,18.88,18.88
"Mexico, Tuxpan",20.87,20.78,20.78,20.78
"Mexico, Veracruz",221.66,222.12,210.04,209.9
"Micronesia (Federated States of), Kosrae",24.95,24.99,24.99,24.99
"Micronesia (Federated States of), Pohnpei",24.95,24.99,24.99,24.99
"Micronesia (Federated States of), Truk",13.75,13.75,13.75,13.75
"Micronesia (Federated States of), Yap",11.08,11.07,11.07,11.07
"Montenegro, Bar",34.5,33.5,34.59,34.99
"Morocco, Agadir",66.52,72.42,61.41,60.73
"Morocco, Casablanca",211.07,213.13,219.81,230.18
"Morocco, Nador",11.24,11.25,11.25,11.25
"Morocco, Tanger Med",574.22,578.39,557.31,543.53
"Mozambique, Beira",69.41,69.21,75.61,79.34
"Mozambique, Maputo",93.97,93.8,100.75,104.43
"Mozambique, Nacala",62.7,62.58,63.48,63.72
"Myanmar, Rangoon",99.32,99.04,92.27,90.26
"Myanmar, Thilawa",40.64,40.07,39.38,36.33
"Namibia, Luderitz",,7,7,7
"Namibia, Walvis Bay",83.44,93.43,96.44,92.92
"Netherlands (Kingdom of the), Amsterdam",46.46,41.05,40.88,41.07
"Netherlands (Kingdom of the), Botlek",13.94,13.94,13.94,13.94
"Netherlands (Kingdom of the), Ijmuiden",13.83,,,
"Netherlands (Kingdom of the), Moerdijk",78.64,66.83,56.23,56.91
"Netherlands (Kingdom of the), Rotterdam",956.18,970.8,970.98,938.96
"Netherlands (Kingdom of the), Terneuzen",10.7,10.7,10.7,10.7
"Netherlands (Kingdom of the), Vlissingen",97.97,68.97,59.36,67.36
"New Caledonia, Baie de Prony",,,17.85,
"New Caledonia, Noumea",97.43,100.9,101.53,100.22
"New Caledonia, Prony",26.92,27.06,27.06,27.06
"New Zealand, Auckland",175.03,187.39,182.66,171.38
"New Zealand, Bluff Harbour",31.96,31.97,31.93,33.88
"New Zealand, Lyttelton",105.7,99.76,99.74,95.46
"New Zealand, Marsden Point",32.22,33.4,33.4,32.36
"New Zealand, Napier",85.81,96.38,96.38,88.41
"New Zealand, Nelson",51.33,44.21,44.18,42.23
"New Zealand, Port Chalmers",71.91,68.3,68.25,61.62
"New Zealand, Tauranga",206.48,191.88,168.4,174.65
"New Zealand, Timaru",43.36,40.41,40.41,41.01
"New Zealand, Wellington",61.82,61.78,60.68,60.18
"Nicaragua, Corinto",59.11,50.1,49.46,49.69
"Nicaragua, Rama (Arlen Siu)",8.45,8.45,8.45,8.45
"Nigeria, Apapa",124.75,113.39,116.05,109.93
"Nigeria, Lagos",81.1,87.13,89,89.41
"Nigeria, Lekki",94.65,93.4,92.81,92.92
"Nigeria, Onne",76.98,79.92,81.18,83.78
"Nigeria, Port Harcourt",21.62,21.63,21.63,21.63
"Nigeria, Tin Can Island",88.27,96.24,92.06,79.59
"Niue, Alofi",11.32,11.32,11.32,11.32
"Norfolk Island, Norfolk I",6.48,6.48,6.48,6.48
"Northern Mariana Islands, Saipan Island",33.12,33.13,33.13,33.13
"Norway, Aalesund",89.09,79,72.31,71.54
"Norway, Ardalstangen",11.48,11.48,11.48,11.48
"Norway, Averoy",13.3,13.31,13.31,19.78
"Norway, Bergen",88.52,78.44,71.75,72.25
"Norway, Bodo",13.83,,,
"Norway, Brevik",38.24,41.37,41.37,41.37
"Norway, Drammen",12.38,12.43,12.43,12.43
"Norway, Egersund",31.98,31.98,24.27,24.27
"Norway, Farsund",11.63,11.63,11.63,11.63
"Norway, Floro",38.97,38.98,39.54,42.48
"Norway, Fredrikstad",37.29,44.29,44.29,44.29
"Norway, Fusa",13.43,13.43,,
"Norway, Gjemnes",21.09,21.68,21.05,11.57
"Norway, Glomfjord",13.3,13.31,13.31,13.31
"Norway, Haavik",28.92,30.06,28.33,20.66
"Norway, Hammerfest",13.83,,,
"Norway, Harstad",13.83,,,
"Norway, Haugesund",65.64,66.04,66.15,66.65
"Norway, Heroya",10.14,10.14,10.14,10.14
"Norway, Hoyanger",19.9,19.9,19.9,19.9
"Norway, Husnes",11.63,11.63,11.63,11.63
"Norway, Ikornnes",13.48,13.48,14.71,18.92
"Norway, Kristiansand",53.02,42.43,42.43,42.43
"Norway, Kvinesdal",10.48,10.48,10.48,10.48
"Norway, Larvik",37.12,43.69,43.58,43.58
"Norway, Maaloy",47.68,47.17,40.48,39.71
"Norway, Molde",20.86,10.64,10.64,10.64
"Norway, Mosjoen",11.57,11.57,11.57,11.57
"Norway, Moss",30.94,29.92,29.92,29.92
"Norway, Orkanger",17.08,17.48,17.05,12.7
"Norway, Oslo",55.87,61.01,61.01,54.86
"Norway, Salten",13.3,13.31,13.31,13.31
"Norway, Sauda",10.48,10.48,10.48,10.48
"Norway, Stavanger",20.18,19.6,12.16,12.16
"Norway, Stokmarknes",13.3,13.31,13.31,13.31
"Norway, Sunndalsora",19.1,20.24,18.51,10.84
"Norway, Svelgen",13.3,13.31,13.31,13.31
"Norway, Svolvaer",13.83,,,
"Norway, Tananger",79.73,70.55,70.66,70.52
"Norway, Tromso",13.83,,,
"Norway, Trondheim",20.86,10.64,10.64,10.64
"Oman, Duqm",63.45,43.05,,
"Oman, Salalah",133.44,139.89,148.89,140.71
"Oman, Sohar",211.15,200.95,177.22,187.02
"Pakistan, Gwadar",18.61,19.61,19.69,20.32
"Pakistan, Karachi",307.66,329.24,319.2,323.67
"Pakistan, Port Qasim",165.54,160.1,181.26,165.77
"Palau, Koror",11.08,11.07,11.07,11.07
"Panama, Almirante",25.83,25.86,25.86,35.06
"Panama, Balboa",255.32,248.89,231.53,240.9
"Panama, Coco Solo",20.94,21.48,15.24,15.24
"Panama, Colon",142.83,134.59,135.71,135.18
"Panama, Cristobal",178.3,197.59,215.2,209.42
"Panama, Manzanillo (PA)",283.39,295.05,317.44,316.25
"Panama, Panama",13.31,13.33,7.6,7.6
"Panama, Rodman",130.57,143.26,165.22,164.59
"Papua New Guinea, Alotau",9.79,9.78,9.78,9.78
"Papua New Guinea, Buka",9.79,9.78,9.78,9.78
"Papua New Guinea, Kimbe",28.82,33.42,33.42,33.45
"Papua New Guinea, Lae",128.03,128.39,128.39,128.36
"Papua New Guinea, Lihir Is",24.99,24.99,24.99,24.99
"Papua New Guinea, Madang",35.18,35.55,35.55,35.53
"Papua New Guinea, Motukea Island",56.23,56.06,56.06,56.06
"Papua New Guinea, Oro Bay",6.89,6.89,6.89,6.89
"Papua New Guinea, Port Moresby",62.06,62.32,62.32,62.3
"Papua New Guinea, Rabaul",48.73,48.53,48.53,48.57
"Papua New Guinea, Wewak",14.85,14.93,14.93,14.93
"Paraguay, Asuncion",20.47,20.39,20.39,20.39
"Peru, Callao",294.82,292.91,291.81,290.29
"Peru, Ilo",12.78,13.51,13.51,13.51
"Peru, Iquitos",12.2,12.2,12.2,12.2
"Peru, Matarani",12.78,13.51,13.51,13.51
"Peru, Paita",112.16,139.1,140.33,125.74
"Peru, Pisco",69.97,67.9,59.58,65.36
"Peru, Salaverry",,,18.13,18.13
"Philippines, Bacolod",15.35,15.6,15.6,16.2
"Philippines, Batangas",107.77,113.26,100,103.28
"Philippines, Cagayan de Oro",149.09,148.36,153.35,150.9
"Philippines, Cebu",135.35,135.87,152.81,150.46
"Philippines, Cotabato",11.16,11.14,11.14,11.14
"Philippines, Dadiangas",73.3,72.56,72.99,72.51
"Philippines, Davao",163.12,164.93,167.29,160.44
"Philippines, Dumaguete",16.1,16.81,16.81,16.93
"Philippines, Iloilo",60.17,60.17,78.15,80.91
"Philippines, Manila",468.91,464.44,464.01,465.28
"Philippines, Mindanao Terminal",8.89,9.14,9.14,9.14
"Philippines, Nasipit",8.84,8.84,8.84,8.84
"Philippines, Ozamiz",11.36,11.36,11.36,13.01
"Philippines, Polloc",9.61,9.6,9.6,9.6
"Philippines, Puerto Princesa",9.53,9.53,9.53,9.53
"Philippines, Roxas",8.84,9,9,9
"Philippines, Subic Bay",123.75,125.58,136.63,133.81
"Philippines, Surigao",8.84,8.84,8.84,8.84
"Philippines, Tagbilaran",7.43,7.43,7.43,8.92
"Philippines, Zamboanga",37.19,37.25,37.19,36.61
"Poland, Gdansk",222.78,224.38,218.85,220.84
"Poland, Gdynia",172.02,194.86,191.86,203.34
"Poland, Swinoujscie",12.11,12.11,12.11,12.11
"Poland, Szczecin",31.23,26,26.04,25.4
"Portugal, Aveiro",13.07,13.7,,
"Portugal, Canical",24.39,24.39,24.36,24.36
"Portugal, Figueira da Foz",15.38,15.57,10.16,10.16
"Portugal, Flores",9.89,9.89,12.25,12.25
"Portugal, Horta",12.88,12.94,13.23,13.23
"Portugal, Leixoes",185.22,181.43,182.65,181.46
"Portugal, Lisbon",168.76,171.05,180.66,175.76
"Portugal, Pico",15.7,15.7,15.7,15.7
"Portugal, Ponta Delgada",33.84,33.84,36.27,36.27
"Portugal, Porto Santo",10.57,10.57,10.57,10.57
"Portugal, Praia da Graciosa",10.77,10.77,10.77,10.77
"Portugal, Praia da Vitoria",33.84,33.84,33.91,33.91
"Portugal, Setubal",85,77.08,68.79,72.95
"Portugal, Sines",282.42,287.02,273.77,270.23
"Portugal, Velas",18.28,18.29,18.29,18.29
"Portugal, Vila do Porto",9.44,9.44,9.44,9.44
"Puerto Rico, San Juan",117.49,107.91,107.44,107.23
"Qatar, Hamad",256.79,256.94,238.04,239.76
"Qatar, Mesaieed",18.24,18.42,18.42,18.69
"Qatar, Umm Said (Mesaieed)",,,23.98,23.82
"Republic of Korea, Daesan/Seosan",36.65,39.5,51.88,51.65
"Republic of Korea, Donghae",9.63,9.63,9.63,9.63
"Republic of Korea, Incheon",390.67,405.72,414.43,411.57
"Republic of Korea, Kunsan (Gunsan)",42.28,50.93,41.16,41.83
"Republic of Korea, Kwangyang (Gwangyang)",536.53,539.18,515.97,525.88
"Republic of Korea, Masan",31.57,31.55,31.69,31.69
"Republic of Korea, Mokpo",15.83,15.86,15.86,15.86
"Republic of Korea, Okgye",18.98,18.95,18.95,18.95
"Republic of Korea, Pohang",39.89,40,45.46,39.99
"Republic of Korea, Pusan",1733.78,1721.63,1715.12,1714.62
"Republic of Korea, Pyeongaek",15.6,15.6,15.6,15.6
"Republic of Korea, Pyongtaek",102.22,100.97,108.79,106.21
"Republic of Korea, Ulsan",209.32,212.83,210.92,211.7
"Reunion, Pointe des Galets",103.66,104.82,102.55,148.96
"Romania, Constantza",185.74,144.08,143.7,144.35
"Russian Federation, Anadyr",,,,8.37
"Russian Federation, Archangel",14.74,15.09,15.09,22.71
"Russian Federation, Bronka",20.11,20.13,19.59,17.23
"Russian Federation, Dudinka",9.62,9.97,9.97,9.97
"Russian Federation, Egvekinot",,,,8.37
"Russian Federation, Kaliningrad",26.9,32.77,38.89,29.06
"Russian Federation, Korsakov",15.1,15.09,15.09,14.71
"Russian Federation, Magadan",16.9,16.91,16.91,16.91
"Russian Federation, Murmansk",9.62,9.97,9.97,9.97
"Russian Federation, Nakhodka",20.95,22.69,23.32,23.31
"Russian Federation, Novorossijsk",130,128.45,135.58,123.75
"Russian Federation, Petropavlovsk",9.15,9.18,9.18,9.67
"Russian Federation, St Petersburg",135.92,137.11,138.83,153.75
"Russian Federation, Ust Luga",,,25.07,25.19
"Russian Federation, Vladivostok",200.98,194.13,185.84,185.54
"Russian Federation, Vostochniy",91.48,70.9,70.41,79.41
"Saint Helena, Rupert's Bay",,7,7,7
"Saint Kitts and Nevis, Basseterre",13.5,13.5,13.5,13.5
"Saint Lucia, Port Castries",55.27,51.97,51.97,51.35
"Saint Pierre and Miquelon, Miquelon",9.65,9.37,9.37,9.37
"Saint Pierre and Miquelon, St Pierre",9.65,9.37,9.37,9.37
"Saint Vincent and the Grenadines, Campden Park",27.85,23.99,23.99,23.99
"Saint Vincent and the Grenadines, Kingstown",14.92,14.93,14.93,14.93
"Samoa, Apia",63.58,63.72,59.75,59.7
"Sao Tome and Principe, Sao Tome",24.52,24.79,24.85,24.85
"Saudi Arabia, Dammam",306.49,338.94,319.95,314.92
"Saudi Arabia, Dhuba",17.12,26.39,27.03,27.03
"Saudi Arabia, Jazan",25.89,26.09,26.13,29.96
"Saudi Arabia, Jeddah",457.39,358.32,376.02,382.81
"Saudi Arabia, Jubail",149.75,138.25,153.36,165.99
"Saudi Arabia, King Abdullah",87.75,87.66,84.46,86.85
"Saudi Arabia, Yanbu",,19.36,19.36,19.36
"Senegal, Dakar",132.92,142.26,150.44,136.61
"Seychelles, Port Victoria",44.28,44.24,44.25,47.55
"Sierra Leone, Freetown",48.69,42.79,45.24,36.86
"Singapore, Singapore",1742.23,1724.72,1752.89,1720.54
"Sint Maarten (Dutch part), Philipsburg",60.69,62.09,62.09,61.48
"Slovenia, Koper",180.64,175.95,176.59,173.96
"Solomon Islands, Honiara",61.44,61.29,61.29,61.28
"Solomon Islands, Noro",12.19,12.43,12.43,11.5
"Somalia, Berbera",48,63.85,56.1,63.75
"Somalia, Kismayu",26.63,7.49,7.49,7.49
"Somalia, Mogadiscio",38.04,31.91,47.57,49.06
"South Africa, Cape Town",152.48,155.99,154.73,151.95
"South Africa, Coega",109.35,117.14,116.24,118.77
"South Africa, Durban",223.08,221.27,210.6,206.65
"South Africa, East London",11.09,17.92,10.76,10.76
"South Africa, Port Elizabeth",83.33,91.8,89.57,55.13
"South Africa, Richards Bay",17.57,16.94,18.32,18.32
"Spain, Algeciras",535.34,558.43,546.74,551.79
"Spain, Alicante",46.94,46.94,50.09,49.71
"Spain, Almeria",10.52,10.52,10.52,10.88
"Spain, Arrecife",51.99,51.35,54.5,54.53
"Spain, Aviles",10.17,10.17,10.17,10.17
"Spain, Barcelona",498.84,520.71,506.17,492.82
"Spain, Bilbao",104.72,112.49,99.82,100.4
"Spain, Cadiz",48.64,56.67,54.84,55.65
"Spain, Cartagena (ES)",18.77,21.62,21.62,32.33
"Spain, Castellon",71.86,72.9,85.28,85.86
"Spain, Ferrol",50.27,45.46,44.69,37.37
"Spain, Gijon",43.94,43.59,41.73,32.46
"Spain, Huelva",29.79,29.79,29.79,30.32
"Spain, Las Palmas",239.24,240.49,231.41,227.17
"Spain, Malaga",33.83,34.48,34.48,103.21
"Spain, Marin",10.52,10.5,9.19,18.3
"Spain, Puerto Del Rosario",29.98,29.34,29.34,29.37
"Spain, Sagunto",35.69,35.68,29.97,30.23
"Spain, Santa Cruz de la Palma",19.97,19.97,19.97,20
"Spain, Santa Cruz de Tenerife",113.2,112.73,108.58,110.48
"Spain, Santander",18.77,26.1,30.25,30.25
"Spain, Seville",13.01,13.01,13.01,13.01
"Spain, Tarragona",10.54,10.54,10.54,10.54
"Spain, Valencia",585.9,591.44,589.77,590.8
"Spain, Vigo",110.85,126.12,115.62,113.78
"Spain, Villagarcia",22.94,23.32,23.32,23.35
"Sri Lanka, Colombo",670.24,658.73,653.26,697.23
"Sudan, Port Sudan",67.32,72.01,68.88,68.54
"Suriname, Paramaribo",90.59,85.85,86.05,86.11
"Sweden, Ahus",20.01,20.65,20.65,20.65
"Sweden, Gavle",47.75,51.01,47.42,54.89
"Sweden, Gothenburg",183.49,181.21,175.1,177.22
"Sweden, Halmstad",38.59,31.88,31.88,24.49
"Sweden, Helsinborg",82.92,83.71,92.02,74.19
"Sweden, Karlstad",8.97,8.97,8.97,8.97
"Sweden, Malmo",9.69,,,
"Sweden, Norrkoping",41.74,45.66,45.7,41.88
"Sweden, Oskarshamn",12.82,12.82,12.82,12.82
"Sweden, Oxelosund",9.72,9.72,9.72,9.72
"Sweden, Pitea",,11.44,11.44,12.61
"Sweden, Sodertalje",9.69,10.3,10.3,10.3
"Sweden, Stockholm",28.63,28.25,28.42,29.69
"Sweden, Sundsvall",,,,12.61
"Sweden, Vasteras",9.72,9.72,9.72,9.72
"Syrian Arab Republic, Latakia",51.88,61.04,63.53,63.43
"Syrian Arab Republic, Tartous",26.1,26.05,26.71,26.67
"Thailand, Bangkok",249.71,255.02,257.85,271.37
"Thailand, Laem Chabang",665.39,703.06,688.76,701.46
"Thailand, Phuket",14.94,13.43,13.43,13.43
"Thailand, Sahathai",18.78,30.44,21.36,29.89
"Thailand, Songkhla",30.22,29.75,29.75,29.75
"Thailand, Sriracha",26.53,26.67,26.67,26.67
"Timor-Leste, Dili",27.43,28.2,28.2,28.2
"Togo, Lome",217.52,210.78,190.83,218.47
"Tonga, Nukualofa",61.35,63.71,57.61,57.56
"Tonga, Vavau",17.77,17.78,17.78,17.78
"Trinidad and Tobago, Point Lisas",72.62,71.42,72.1,72.1
"Trinidad and Tobago, Port of Spain",101.89,96.47,97.12,97.17
"Tunisia, Bizerta",20.09,8.13,8.13,8.13
"Tunisia, Rades",42.78,51.75,39.7,49.11
"Tunisia, Sfax",38.83,40.35,34.02,22.58
"Tunisia, Sousse",30.32,12.42,12.42,19.07
"Tunisia, Tunis",16.2,16.23,8.08,8.08
"Turkiye, Aliaga (Nemrut)",336.09,341.64,306.88,327.3
"Turkiye, Ambarli",454.82,455.81,441.56,439.75
"Turkiye, Antalya",18.24,18.24,25.75,18.24
"Turkiye, Bandirma",9.93,9.93,9.93,9.93
"Turkiye, Derince",136.54,108.72,102.32,88.93
"Turkiye, Diliskelesi",38.6,29.1,38.6,49.96
"Turkiye, Eregli",14.19,14.19,14.19,14.19
"Turkiye, Evyap Pt",130.15,74.52,65.62,65.62
"Turkiye, Gebze",153.23,168.68,144.51,147.89
"Turkiye, Gemlik",283.25,289.02,259.42,254.66
"Turkiye, Haydarpasa",10.43,13.84,26.77,26.77
"Turkiye, Iskenderun",211.89,223.84,222.99,225.49
"Turkiye, Izmir",148.91,138.34,117.91,117.85
"Turkiye, Izmit Korfezi",209.01,254.44,244.24,257.64
"Turkiye, Kumport",73.66,63.22,61.37,49.01
"Turkiye, Mardas",49.42,46.04,30.91,29.51
"Turkiye, Marport",59.34,38.29,31.91,31.91
"Turkiye, Mersin",295,258.44,259.14,275.04
"Turkiye, Nemruth Bay",30.01,36.97,27.49,27.49
"Turkiye, Samsun",33.5,32.17,32.17,32.2
"Turkiye, Tekirdag",211.14,204.48,194.72,198.53
"Turkiye, Trabzon",12.24,12.24,12.24,12.24
"Turkiye, Yarimca",27.54,36.23,43.83,31.08
"Turkiye, Yilport",54.9,54.18,44.63,43.23
"Turks and Caicos Islands, Grand Turk",8.2,8.2,8.2,8.2
"Tuvalu, Port Funafuti",8.79,8.8,8.8,7.83
"Ukraine, Chornomorsk",,17.36,17.36,26.57
"Ukraine, Izmail",15.04,15.04,15.64,15.64
"Ukraine, Odessa",,8.5,18.03,18.03
"Ukraine, Reni",7.89,7.89,7.89,7.89
"United Arab Emirates, Abu Dhabi",11.04,11.06,11.06,11.06
"United Arab Emirates, Ahmed Bin Rashid",10.95,10.96,10.96,10.96
"United Arab Emirates, Ajman",36.43,37.06,37.06,36.66
"United Arab Emirates, Fujairah",13.08,13.01,15.85,
"United Arab Emirates, Jebel Ali",754.07,733.13,750.35,780.93
"United Arab Emirates, Khalifa",364.1,354.62,323.33,312.82
"United Arab Emirates, Khor Fakkan",58.78,60.76,81.4,92.68
"United Arab Emirates, Mina Saqr",23.47,23.5,23.5,23.5
"United Arab Emirates, Ras al Khaimah",11.72,38.58,39.72,44.33
"United Arab Emirates, Ruwais",22.84,22.88,22.88,22.88
"United Arab Emirates, Sharjah",99.68,97.33,90.29,101.26
"United Arab Emirates, Umm al Qaiwain",11.15,11.15,11.15,11.15
"United Kingdom, Aberdeen",25.26,25.27,25.27,25.89
"United Kingdom, Belfast",83.48,84.22,76.75,82.23
"United Kingdom, Blyth",9.04,9.05,9.05,9.05
"United Kingdom, Bristol",48.16,45.03,27.06,29.1
"United Kingdom, Dover",12.54,12.56,12.56,12.56
"United Kingdom, Felixstowe",296.14,302.05,307.23,316.6
"United Kingdom, Fowey",7.59,7.59,7.59,7.59
"United Kingdom, Grangemouth",46.37,47.63,48.09,38.44
"United Kingdom, Greenock",60.9,58.66,33.71,34.55
"United Kingdom, Hull",90.58,71.9,71.98,71.98
"United Kingdom, Immingham",69.1,79.65,78.89,79.51
"United Kingdom, Liverpool (GB)",159.98,163.03,192.55,214.92
"United Kingdom, London Gateway",352.12,357.73,372.66,377.12
"United Kingdom, Marchwood",9.18,8.55,9.19,9.19
"United Kingdom, Poole",9.43,9.43,9.43,9.43
"United Kingdom, Portsmouth (GB)",34.39,34.56,24.13,24.13
"United Kingdom, Sheerness",18.65,18.69,18.69,18.69
"United Kingdom, Southampton",264.55,263.38,262.7,264.03
"United Kingdom, Tees",80.75,86.03,77.02,74.02
"United Kingdom, Thamesport",34.63,26.92,25.64,21.56
"United Kingdom, Tilbury",115.68,118.47,118.28,126.64
"United Kingdom, Tyne",15.87,11.85,11.85,12.35
"United Republic of Tanzania, Dar es Salaam",128.28,117.68,122.74,113.29
"United Republic of Tanzania, Mtwara",20.67,20.66,20.64,20.02
"United Republic of Tanzania, Zanzibar",21.29,27.09,27.09,27.09
"United States Virgin Islands, Port Alucroix",14,14.22,14.22,14.22
"United States Virgin Islands, St Thomas",28.88,29.1,29.1,29.1
"United States, Anchorage",14.08,14.62,14.62,14.62
"United States, Baltimore",206.89,25.14,196.15,202.62
"United States, Boston (US)",123.45,113.3,105.11,105.64
"United States, Brownsville",,,18.32,18.32
"United States, Charleston",309.28,326.95,324.08,315.3
"United States, Chester",20.89,20.9,20.9,20.9
"United States, Cleveland",9.08,9.08,9.08,9.08
"United States, Dutch Harbour",42.76,50.17,50.19,51.05
"United States, Everett (US-WA)",27.13,24.69,24.69,24.69
"United States, Fernandina",7.03,7.03,7.03,7.03
"United States, Freeport (US)",43.63,42.99,50.58,50.58
"United States, Gloucester City",14.34,13.71,14.35,14.35
"United States, Gulfport",34.41,34.41,34.41,34.41
"United States, Honolulu",61.77,62.26,62.32,62.95
"United States, Houston",310.2,307.55,302.14,293.67
"United States, Jacksonville",175.88,186.14,184.33,189.75
"United States, Kodiak",14.08,14.62,14.62,14.62
"United States, Long Beach",203.21,202.33,249.75,262.74
"United States, Los Angeles",296.59,294.2,295.91,295.17
"United States, Miami",169.38,175.71,191.49,178.78
"United States, Mobile",160.81,136.35,136.23,128.3
"United States, Morehead City",14.94,13.43,13.43,13.43
"United States, New Orleans",178.07,175.18,180.26,172.36
"United States, New York/New Jersey",485.61,495.36,497.76,497
"United States, Norfolk",394.7,416.71,415.59,407.43
"United States, Oakland",313.9,320.83,307.71,305.14
"United States, Panama City",,,7.81,7.81
"United States, Pensacola",14.06,15.82,16.46,16.46
"United States, Philadelphia",215.87,174,171.92,162.98
"United States, Port Everglades",235.2,227.53,207.36,206.35
"United States, Port Hueneme",39.24,39.36,39.36,38.8
"United States, Port Manatee",29.76,29.67,22.72,22.72
"United States, Portland (US-ME)",11.76,11.76,11.76,11.76
"United States, Portland (US-OR)",80.97,64.26,69.93,64.9
"United States, San Diego",13.91,13.91,13.91,13.91
"United States, Savannah",428.66,440.59,468.23,446.24
"United States, Seattle",152.9,139,143.31,143.82
"United States, Tacoma",136.33,152.75,136.33,154.65
"United States, Tampa",82.81,82.92,82.8,82.78
"United States, West Palm Beach",40.3,40.56,40.56,40.56
"United States, Wilmington (US-DE)",31.31,44.94,31.46,31.46
"United States, Wilmington (US-NC)",135.27,131.86,130.55,129.87
"Uruguay, Montevideo",245.26,245.03,232.44,235.49
"Uruguay, Punta Pereyra",8.79,8.79,8.79,8.79
"Vanuatu, Luganville",10.37,10.37,10.37,
"Vanuatu, Port Vila",52.08,52.26,52.9,50.13
"Vanuatu, Santo",36.54,37.87,37.87,37.66
"Venezuela (Bolivarian Rep. of), Guanta",10.82,18.77,18.77,18.77
"Venezuela (Bolivarian Rep. of), Guaranao Bay",10.82,10.82,10.82,10.82
"Venezuela (Bolivarian Rep. of), La Guaira",51.26,51.17,51.66,52.92
"Venezuela (Bolivarian Rep. of), Maracaibo",10.82,18.77,18.77,18.77
"Venezuela (Bolivarian Rep. of), Palua",10.17,10.17,10.17,10.17
"Venezuela (Bolivarian Rep. of), Puerto Cabello",57.41,57.32,57.18,59.06
"Viet Nam, Cai Lan",,25.39,,
"Viet Nam, Can Tho",7.72,7.72,7.72,7.72
"Viet Nam, Chu Lai",47.03,47.76,47.78,47.78
"Viet Nam, Da Nang",175.17,168.45,171.38,170.74
"Viet Nam, Haiphong",574.19,570.03,576.59,568.48
"Viet Nam, Ho Chi Minh City",569.65,622.27,579.49,581.86
"Viet Nam, Nghi Son",22.26,20.28,20.28,28.63
"Viet Nam, Qui Nhon",57.97,58.08,58.6,64.65
"Viet Nam, Son Duong",,,,9.78
"Viet Nam, Vung Tau",430.92,403.61,447.75,449.16
"Wallis and Futuna Islands, Futuna",8.79,8.79,8.79,9.43
"Yemen, Aden",43.59,43.55,56.47,36.53
"Yemen, Hodeidah",41.37,42.07,45.24,39.93
"Yemen, Mukalla",10.35,9.83,9.83,9.83
